{"cameraMode":{"drawMode":0,"name":"Shaded","section":"Shading Mode"},"sceneLighting":true,"audioPlay":false,"sceneViewState":{"m_AlwaysRefresh":false,"showFog":true,"showSkybox":true,"showFlares":true,"showImageEffects":true,"showParticleSystems":true,"showVisualEffectGraphs":true,"m_FxEnabled":true},"in2DMode":false,"pivot":{"x":-0.1544954627752304,"y":0.32242321968078616,"z":0.7463259696960449},"rotation":{"x":-0.001676581334322691,"y":0.9933673143386841,"z":-0.11404860764741898,"w":-0.014602316543459893},"size":4.020284175872803,"orthographic":false}