{"cameraMode":{"drawMode":0,"name":"Shaded","section":"Shading Mode"},"sceneLighting":true,"audioPlay":false,"sceneViewState":{"m_AlwaysRefresh":false,"showFog":true,"showSkybox":true,"showFlares":true,"showImageEffects":true,"showParticleSystems":true,"showVisualEffectGraphs":true,"m_FxEnabled":true},"in2DMode":false,"pivot":{"x":0.0012213587760925294,"y":1.006184697151184,"z":0.6739625930786133},"rotation":{"x":2.315439502353911e-7,"y":-0.7462430000305176,"z":-2.0906480813209783e-7,"w":0.6656762361526489},"size":2.2771568298339845,"orthographic":true}