{"cameraMode":{"drawMode":0,"name":"Shaded","section":"Shading Mode"},"sceneLighting":false,"audioPlay":false,"sceneViewState":{"m_AlwaysRefresh":false,"showFog":true,"showSkybox":false,"showFlares":true,"showImageEffects":true,"showParticleSystems":true,"showVisualEffectGraphs":true,"m_FxEnabled":true},"in2DMode":false,"pivot":{"x":2.0602712631225588,"y":-0.36435556411743166,"z":-0.9639574289321899},"rotation":{"x":0.12625418603420258,"y":0.7722266912460327,"z":-0.16217397153377534,"w":0.6011871695518494},"size":2.8205180168151857,"orthographic":false}