{"cameraMode":{"drawMode":0,"name":"Shaded","section":"Shading Mode"},"sceneLighting":false,"audioPlay":false,"sceneViewState":{"m_AlwaysRefresh":false,"showFog":true,"showSkybox":false,"showFlares":true,"showImageEffects":true,"showParticleSystems":true,"showVisualEffectGraphs":true,"m_FxEnabled":true},"in2DMode":false,"pivot":{"x":-0.1805967092514038,"y":0.8846724033355713,"z":0.33127737045288088},"rotation":{"x":0.0063109565526247028,"y":0.9897754788398743,"z":-0.13474957644939423,"w":0.046356651932001117},"size":1.407075047492981,"orthographic":false}